{
  "hash": "dd79dc9e",
  "browserHash": "141b6deb",
  "optimized": {
    "@angular/common": {
      "src": "../../../../../node_modules/@angular/common/fesm2022/common.mjs",
      "file": "@angular_common.js",
      "fileHash": "84bd2df4",
      "needsInterop": false
    },
    "@angular/core": {
      "src": "../../../../../node_modules/@angular/core/fesm2022/core.mjs",
      "file": "@angular_core.js",
      "fileHash": "659c29be",
      "needsInterop": false
    },
    "@angular/platform-browser": {
      "src": "../../../../../node_modules/@angular/platform-browser/fesm2022/platform-browser.mjs",
      "file": "@angular_platform-browser.js",
      "fileHash": "72270b27",
      "needsInterop": false
    },
    "@angular/router": {
      "src": "../../../../../node_modules/@angular/router/fesm2022/router.mjs",
      "file": "@angular_router.js",
      "fileHash": "7eca4268",
      "needsInterop": false
    },
    "axios": {
      "src": "../../../../../node_modules/axios/index.js",
      "file": "axios.js",
      "fileHash": "835dd5fb",
      "needsInterop": false
    },
    "@angular/forms": {
      "src": "../../../../../node_modules/@angular/forms/fesm2022/forms.mjs",
      "file": "@angular_forms.js",
      "fileHash": "7d4c56fd",
      "needsInterop": false
    }
  },
  "chunks": {
    "chunk-H5HAD6K3": {
      "file": "chunk-H5HAD6K3.js"
    },
    "chunk-XH7B62QM": {
      "file": "chunk-XH7B62QM.js"
    },
    "chunk-HCF6TLR6": {
      "file": "chunk-HCF6TLR6.js"
    },
    "chunk-A7YNPLSR": {
      "file": "chunk-A7YNPLSR.js"
    }
  }
}